title,pageRank
Event horizon,0.02826677302260697
Speed of light,0.01578465318927914
Charles Bailyn,0.01376765865286966
Intellectual history,0.01164826380868271
Literary theory,0.01106063635279318
Escape velocity,0.009530602243460091
Schwarzschild radius,0.008521668722882961
Invariant mass,0.008415881807225772
Slow light,0.0082602612798266
Energy,0.007849249519381003
Black hole,0.007722390510177221
Force,0.007309830318238984
Innermost stable circular orbit,0.007126795819690231
Terminology,0.006148959376022067
Science fiction,0.005905290622653025
Evolution,0.005541579732973087
Quantum mechanics,0.005459836499165227
General relativity,0.005092131620297508
Naked singularity,0.004948013039361902
Mathematics,0.004885996461043575
Physics,0.004584715601756753
Solar mass,0.004203379287374349
Classical mechanics,0.004165391920926293
Astronomy,0.003768360580558679
Special relativity,0.003593287039562473
Stephen Hawking,0.003521773927587692
Theory of relativity,0.003060646540958846
Spacetime,0.002984967094812633
Hydrostatic equilibrium,0.002878659641160026
Carl Sagan,0.00285598547624078
Wormhole,0.002809870643529279
Newton's laws of motion,0.002793005633330903
Universe,0.002746897713234638
Kip Thorne,0.002725475038082924
Neutron star,0.002692034184740476
Big Bang,0.002640386383467611
Earth,0.002516939244142071
American Revolution,0.00248030998846947
Gravity,0.002475492594247816
Science,0.002414981860059022
Solar System,0.002375219679358857
Albert Einstein,0.002362680881006132
Supermassive black hole,0.002359867468019799
Mass,0.002277809712291584
Infinity,0.002255672183003743
Climate change,0.002231649903058013
Velocity,0.002186034833293193
Orbit,0.002164727065498717
Galaxy,0.002136585395453578
Asteroid,0.002025100355230278
Time,0.00198831735146967
Matter,0.001985034718809097
Acceleration,0.001949964604062879
Backslash,0.001935328911537544
Scientific Revolution,0.001917459131704672
Gamma ray,0.001914626414701743
Sun,0.001884345814461897
