title,pageRank
Schwarzschild radius,0.03329631437983314
Apsis,0.02156159879721661
General relativity,0.0118117716244423
Schwarzschild metric,0.01028864350466675
Special relativity,0.01016875985883548
Light-year,0.00853108006120563
Polar coordinate system,0.007799357723870144
Speed of light,0.007655809962048021
Photon,0.007547012296762967
Charles Bailyn,0.006944950226009914
Solar radius,0.006880594694749671
Spacetime,0.006549467525929734
Precession,0.006192654287269965
Coordinate system,0.005382536761923664
Theory of relativity,0.005306409892052311
Minute and second of arc,0.00528059154079543
Gravitational field,0.005267454129652086
Event horizon,0.004949810747838854
Astronomy,0.004711402518776049
Physics,0.004297765952683134
Orbit,0.00409216955145373
Delta (letter),0.004075426170631507
Sun,0.004039640770695823
Mercury (planet),0.003906205204261663
Earth,0.003806157264028391
Invariant (mathematics),0.003754196474933969
Backslash,0.003751132524105377
Isaac Newton,0.003690991344828675
Radius,0.003680589068087793
Uranus,0.00366343292329446
Astronomical object,0.00364878153613632
Gravity,0.003597627289719356
France,0.003352236160780663
Classical mechanics,0.00334071268817214
Terminology,0.003268747156634612
Black hole,0.003246861197127817
Literary theory,0.003125859215729884
Magnetic field,0.003072068245871644
Nature (journal),0.003067493226097094
Ellipse,0.003064205028449323
Velocity,0.002940501549691123
Light,0.002911427621623063
Calculus,0.002815006939296617
Furlong,0.002789803686561989
Albert Einstein,0.002696600939660621
Solar System,0.00268011348848474
Time,0.002673936867096425
Space,0.002495715245679616
Q School 2015 – Event 2,0.002493528653165379
Mass,0.002468032098176069
Matter,0.002464876636187819
Philosophy,0.002443547333275427
Ancient Greece,0.002393340098150847
Greek alphabet,0.002388278846765723
Number,0.002365859825157861
Square root,0.002364549064191332
Mathematics,0.002349893080149565
Four-dimensional space,0.002305521121866183
Invariant theory,0.002269313403304557
International System of Units,0.00218905364451826
Distance,0.002177801831330462
Computer,0.002153874052371765
Electromagnetic radiation,0.002144446180826746
Measurement,0.002119985267583395
Dimension,0.002118197897345023
Rotation,0.002060959747314506
Causality,0.002028491689115473
Metaphor,0.002009146334297542
