title,pageRank
Fluorine,0.02223237031245692
HOMO and LUMO,0.014156727834746
Michael McBride (doctor),0.01410052936569546
Atomic orbital,0.01156799109836573
Electron,0.0106248856250443
Oxygen,0.007148141663332721
Ammonia,0.006433453970332119
Lithium,0.006322598956848387
Double bond,0.005985812027560627
Carbohydrate,0.005950634175010418
China,0.005725601250601615
Hydrogen,0.005426072754356405
Atomic nucleus,0.005205792627908224
Valence electron,0.004362573656414545
Boron,0.004350047858572187
Brexit,0.004319644468381203
Atom,0.004266105007517664
Professional wrestling,0.004204102531564989
Ontario,0.004019618053092971
Carbon,0.004003309913745408
Molecular orbital,0.003949416891832043
Hydrogen ion,0.00386010192597454
Sigma bond,0.003786588251134318
COVID-19 pandemic in Northern Ireland,0.003754491427984159
Nitrogen,0.003614830456049148
Antibonding molecular orbital,0.003596503310934141
Ion,0.003567472123212084
Chemistry,0.003425592163736247
Electric charge,0.003371867470323538
Association football,0.003330120845215219
Organic chemistry,0.00332242013905699
Quantum mechanics,0.003296548019929475
Professor,0.003287552028667335
Pi,0.003280990668032977
Energy,0.003213662394501892
Molecule,0.003153675765626242
Acid–base reaction,0.003127138215845242
Functional group,0.003016338708019738
Pi bond,0.002830239977318591
Electron pair,0.002792720973053588
Water,0.00277393317636206
