title,pageRank
Ben Polak,0.04533994113770441
EBay,0.03283145773612414
Independence (probability theory),0.02230572728183925
Game theory,0.01810970129807015
First-price sealed-bid auction,0.01725330022712629
Expected value,0.01191979690189029
Vickrey auction,0.01140871751766633
Bidding,0.01052392689322795
Coin,0.00932502687256135
Gulf of Mexico,0.0084225588297284
World War II,0.008330336943219973
Auction theory,0.008261702912503863
Oil well,0.006889408806439173
Baseball,0.006779840129178234
Free agent,0.006137617167341369
Marginal cost,0.005047497674358219
Common value auction,0.004543639872173511
Marginal utility,0.00446911931379074
Mexico,0.004313446820401034
Trade,0.004045473883142484
United States dollar,0.00376269982117165
Petroleum reservoir,0.003736744374156415
Auction,0.003705328427785068
Backslash,0.003252605713694321
Initial public offering,0.002656605460866532
United States,0.002634367366839198
Jar,0.002549802546034132
Newline,0.002366440049903915
.so,0.00222314398052027
Business,0.002164305963959201
Real estate,0.002091917266035971
Human,0.002015769558968674
Marketing,0.002003899416501166
Information,0.002002558212537442
Mining,0.001995301185403933
Corporation,0.001993567935583535
Morality,0.001960786067877374
Education,0.001950858766006237
Copyright,0.001902482446376515
Time,0.001893800965234041
Lawsuit,0.00188311708354981
Knowledge,0.001878387428424965
Stock,0.001850597977949492
Empirical evidence,0.001844151623877811
Petroleum industry,0.001816863000514692
Persian Gulf,0.001795838546987274
Probability,0.001791409458744451
Swedish language,0.001750406349239667
Acronym,0.001734656444280822
Ownership,0.001727111734372026
Bit,0.001722345571851609
Wealth,0.001720250881451149
Price,0.001718500517876355
Truth,0.001709207044138585
Life,0.001700638963318438
Causality,0.001696959906355474
Number,0.001694126274675283
Justice,0.001684053116536236
Belief,0.001680650272243759
Data,0.001672920011005356
Elizabeth II,0.001653097399307853
Dissolution of the Soviet Union,0.001628822889053989
Theft,0.001627649809365015
Egalitarianism,0.001627296960173568
Sales,0.001618413707646705
