title,pageRank
Shelly Kagan,0.04763078668642819
Soul music,0.01859864382198759
Personal identity,0.01057484782493185
Reincarnation,0.00824395920050791
Soul,0.006203147563732678
Amnesia,0.004904015352400259
Psychotherapy,0.004494689819362687
Karma,0.004424490725952256
Popular culture,0.00406354710371187
Body theory,0.004054092043654527
Causality,0.003975195773243006
Brain,0.003839766378348159
Religion,0.003820741974446028
John Doe,0.003603058682935577
Memory,0.003511847881801353
Death,0.003462259886506026
Human,0.003356835993130307
Theory,0.003305415161139166
Truth,0.003268976038144539
Cognition,0.003204186809359428
Knowledge,0.00317828015197712
Free will,0.003098229883191265
Belief,0.003051755775726704
Life,0.002950009052722136
Personality psychology,0.002884039024659832
Photography,0.002855127886430717
Ontology,0.002831086822828287
Object (philosophy),0.002829167501503314
Motivation,0.002824351801213766
Structural functionalism,0.002818898716230045
Justice,0.002811046118279304
