title,pageRank
Social psychology,0.05396267256739408
Wilt Chamberlain,0.04057661948203837
"Anarchy, State, and Utopia",0.03110422450628482
Psychology,0.03072727544358156
John Locke,0.02951207565657901
Original position,0.006902753087116102
Lockean proviso,0.006658290989555562
Night-watchman state,0.006373086972434028
Tomato,0.005691568952624093
Two Treatises of Government,0.005487541055653222
"Proviso Township, Cook County, Illinois",0.005002158223938826
Tamar Gendler,0.004476936145707083
Social contract,0.004113254023738525
Philosophy,0.003898415175577345
Naming and Necessity,0.003657399482847564
Utilitarianism,0.003356187290908388
Cattle,0.003318502551703649
U.S. state,0.00301138261244801
Inductive reasoning,0.003009996143070465
Thomas Hobbes,0.002898480663163583
Robert Nozick,0.002857356611530669
State of nature,0.002748603623993395
Mars,0.002719774944469964
Private property,0.002691208278867012
Justice,0.002679114332010365
Political philosophy,0.002618056834228352
Property,0.002550791199172997
Earth,0.002443581023018694
Philosopher,0.002255841008089735
