title,pageRank
Douglas W. Rae,0.03672413062131295
Goldman Sachs,0.006398391047195468
New Haven Symphony Orchestra,0.006369682722792617
Groucho Marx,0.005533643600404785
