title,pageRank
Aristotle,0.02855393011106938
Isaiah Berlin,0.006599483843197592
Liberalism,0.005659691916326535
Berlin,0.00518031818187838
Political science,0.005102836517899427
Franklin D. Roosevelt,0.003935814229648373
Practical reason,0.003454921219600077
Bertrand Russell,0.003415304761918921
Nicomachean Ethics,0.002804825222799295
Sociology,0.002594852034098924
Anthropology,0.002564971964202366
Jane Austen,0.002397103445625849
Socrates,0.002294388172195724
