title,pageRank
Aristotle,0.0309807625733796
Plato,0.007660430964195625
Socrates,0.005550392501081658
